node_from_id,node_to_id,resistance_per_m
F1,F2,2.0E-5
F2,F3,2.0E-5
F3,F4,2.0E-5
F4,F5,2.0E-5
R1,R2,1.4999999999999999E-5
R2,R3,1.5E-5
R3,R4,1.4999999999999999E-5
R4,R5,1.4999999999999999E-5
